replay_id,slot,player_name,goals,closest_to_ball_frames,total_frames,demos_received,mean_speed_uu
3a97f728-b24e-4f56-a2cf-70073bf1c03a,0,000machine,0,0,11312,0,0.00
3a97f728-b24e-4f56-a2cf-70073bf1c03a,1,D_R_K12,0,695,11312,1,918.58
3a97f728-b24e-4f56-a2cf-70073bf1c03a,2,~0o0r00,0,0,11312,0,0.00
3a97f728-b24e-4f56-a2cf-70073bf1c03a,3,FF_ImASmurf,3,3548,11312,0,1383.26
3a97f728-b24e-4f56-a2cf-70073bf1c03a,4,Patomacho19,1,3287,11312,0,1168.25
3a97f728-b24e-4f56-a2cf-70073bf1c03a,5,Racru543,3,3780,11312,0,1206.28
f3ba97aa-b8c0-4095-8dd8-8dd32b95f9f3,0,Griff_Goodvirtue,1,956,13355,0,534.12
f3ba97aa-b8c0-4095-8dd8-8dd32b95f9f3,1,Mackentire,0,1334,13355,0,1077.60
f3ba97aa-b8c0-4095-8dd8-8dd32b95f9f3,2,newplayer1297,7,5883,13355,0,1321.07
f3ba97aa-b8c0-4095-8dd8-8dd32b95f9f3,3,User1,2,1315,13355,0,1030.93
f3ba97aa-b8c0-4095-8dd8-8dd32b95f9f3,4,Zavian,1,1656,13355,2,1200.72
f3ba97aa-b8c0-4095-8dd8-8dd32b95f9f3,5,chaybae-chaybae,4,2211,13355,0,1055.38
00edd8eb-2a4a-4f39-9763-26b64c486032,0,Drubie,0,1220,10723,0,1220.15
00edd8eb-2a4a-4f39-9763-26b64c486032,1,ToenailEnema,3,1906,10723,2,1103.69
00edd8eb-2a4a-4f39-9763-26b64c486032,2,mrcheesy14,1,1133,10723,0,975.47
00edd8eb-2a4a-4f39-9763-26b64c486032,3,DeadlyGordo,0,1746,10723,1,1250.78
00edd8eb-2a4a-4f39-9763-26b64c486032,4,DeekDollaz,2,3234,10723,0,1286.95
00edd8eb-2a4a-4f39-9763-26b64c486032,5,emi198234,1,1484,10723,0,1173.84
d0952443-1913-4411-99ba-5c13b3c88120,0,AbominableFlow,0,806,3570,0,1170.84
d0952443-1913-4411-99ba-5c13b3c88120,1,CleanColt749141,0,426,3570,0,1068.41
d0952443-1913-4411-99ba-5c13b3c88120,2,SK8 R4T,0,704,3570,0,1137.08
d0952443-1913-4411-99ba-5c13b3c88120,3,Guido_EldeCars,1,79,3570,2,534.01
d0952443-1913-4411-99ba-5c13b3c88120,4,Mate_ElDelGancho,1,593,3570,2,1309.09
d0952443-1913-4411-99ba-5c13b3c88120,5,Rasho_McKuin,0,962,3570,0,1520.37
a084c51f-7d3a-4f4f-a748-f6298cb0016f,0,Faze Cookie9051,2,2094,12607,0,1095.83
a084c51f-7d3a-4f4f-a748-f6298cb0016f,1,Geovanny,0,1512,12607,0,1130.18
a084c51f-7d3a-4f4f-a748-f6298cb0016f,2,Hooch Is Crazier,3,4305,12607,2,1360.16
a084c51f-7d3a-4f4f-a748-f6298cb0016f,3,CTRush14,5,2223,12607,0,1111.71
a084c51f-7d3a-4f4f-a748-f6298cb0016f,4,MOSCA_TABLE,2,1531,12607,0,1059.23
a084c51f-7d3a-4f4f-a748-f6298cb0016f,5,handsomeboyaydin,0,942,12607,0,1180.78
374e7a57-21b6-4ec6-937f-5d689130cc78,0,Carl.Minion,1,1763,10764,0,945.13
374e7a57-21b6-4ec6-937f-5d689130cc78,1,Daddy-Gru,3,2659,10764,2,1199.86
374e7a57-21b6-4ec6-937f-5d689130cc78,2,Kevin.Minion,2,2054,10764,0,1117.39
374e7a57-21b6-4ec6-937f-5d689130cc78,3,Floppy,0,1052,10764,0,965.93
374e7a57-21b6-4ec6-937f-5d689130cc78,4,ZyberLui3,1,2429,10764,1,1161.68
374e7a57-21b6-4ec6-937f-5d689130cc78,5,detoile,0,807,10764,0,1306.31
139c3162-9b8b-49a6-bd12-ba50382447ff,0,ajmx2433,0,28,9983,2,2.12
139c3162-9b8b-49a6-bd12-ba50382447ff,1,autumn,2,2261,9983,3,953.64
139c3162-9b8b-49a6-bd12-ba50382447ff,2,r3357j,0,909,9983,0,1296.41
139c3162-9b8b-49a6-bd12-ba50382447ff,3,FEDEMEN360,0,1251,9983,0,1088.58
139c3162-9b8b-49a6-bd12-ba50382447ff,4,PapaSmerf4444,2,3467,9983,1,1415.20
139c3162-9b8b-49a6-bd12-ba50382447ff,5,lVigilGodl,1,2067,9983,0,1300.62
1dd3379f-bb83-4d6c-9f4f-9b50fa8e074b,0,Bubster_15,0,522,3699,0,1187.64
1dd3379f-bb83-4d6c-9f4f-9b50fa8e074b,1,Mommysupermad247,0,558,3699,0,1062.99
1dd3379f-bb83-4d6c-9f4f-9b50fa8e074b,2,warrior_criollo5,0,556,3699,0,836.56
1dd3379f-bb83-4d6c-9f4f-9b50fa8e074b,3,ChestDump7273,3,772,3699,0,1198.21
1dd3379f-bb83-4d6c-9f4f-9b50fa8e074b,4,Donovan,0,577,3699,0,1034.10
1dd3379f-bb83-4d6c-9f4f-9b50fa8e074b,5,brooks_130,1,714,3699,0,1103.88
df9c491d-4cb7-4dde-8b96-731c45de2250,0,budliv5,0,1903,10925,3,1074.66
df9c491d-4cb7-4dde-8b96-731c45de2250,1,robsenbmx420,1,526,10925,5,774.14
df9c491d-4cb7-4dde-8b96-731c45de2250,2,slant.,5,3625,10925,0,1432.88
df9c491d-4cb7-4dde-8b96-731c45de2250,3,muhiprogame12,1,1585,10925,2,1072.31
df9c491d-4cb7-4dde-8b96-731c45de2250,4,yeetvbbbbb,0,1430,10925,5,871.88
df9c491d-4cb7-4dde-8b96-731c45de2250,5,yeyeyeyeyeyeeet,1,1855,10925,3,936.74
0c644181-d6ad-4b86-8aa6-e32a0656c8fe,0,CaballoVerde24,1,1749,8519,2,1177.19
0c644181-d6ad-4b86-8aa6-e32a0656c8fe,1,MoLoToV-MiKe,0,1278,8519,2,1388.36
0c644181-d6ad-4b86-8aa6-e32a0656c8fe,2,fam ligue,2,1795,8519,0,1265.28
0c644181-d6ad-4b86-8aa6-e32a0656c8fe,3,CrxyK,1,1387,8519,2,1182.87
0c644181-d6ad-4b86-8aa6-e32a0656c8fe,4,CrxyK(1),0,909,8519,1,1191.16
0c644181-d6ad-4b86-8aa6-e32a0656c8fe,5,Slice,1,1401,8519,0,1339.80
c4ffba67-ddc1-4694-96ec-4bb0c331977f,0,FLaurente,0,540,3980,0,1061.71
c4ffba67-ddc1-4694-96ec-4bb0c331977f,1,L0rd3,0,592,3980,0,881.01
c4ffba67-ddc1-4694-96ec-4bb0c331977f,2,PinhataLG,0,739,3980,0,1142.96
c4ffba67-ddc1-4694-96ec-4bb0c331977f,3,Guido_EldeCars,1,933,3980,0,1138.24
c4ffba67-ddc1-4694-96ec-4bb0c331977f,4,Mate_ElDelGancho,1,357,3980,0,833.09
c4ffba67-ddc1-4694-96ec-4bb0c331977f,5,Rasho_McKuin,2,819,3980,1,1311.44
8558076b-5ba1-4d21-bd18-48cebc512c90,0,IvaHatch,1,1053,4811,0,1126.34
8558076b-5ba1-4d21-bd18-48cebc512c90,1,KEV1N MX,0,341,4811,0,985.85
8558076b-5ba1-4d21-bd18-48cebc512c90,2,LP-Crawling,0,910,4811,0,632.65
8558076b-5ba1-4d21-bd18-48cebc512c90,3,OldmanGamer22,0,1138,4811,0,1200.23
8558076b-5ba1-4d21-bd18-48cebc512c90,4,RedTimely,0,897,4811,0,1125.62
8558076b-5ba1-4d21-bd18-48cebc512c90,5,scottyp920,1,472,4811,0,1148.34
9b228a73-fbff-4c7c-afd6-581f26a1fed5,0,Caysegirl,1,2050,12579,1,1185.85
9b228a73-fbff-4c7c-afd6-581f26a1fed5,1,Just_Gaona,0,2824,12579,3,1097.48
9b228a73-fbff-4c7c-afd6-581f26a1fed5,2,santtiago132,3,2699,12579,1,1174.47
9b228a73-fbff-4c7c-afd6-581f26a1fed5,3,DFresh7887,0,1649,12579,0,1124.56
9b228a73-fbff-4c7c-afd6-581f26a1fed5,4,Gunt,1,1993,12579,2,1263.82
9b228a73-fbff-4c7c-afd6-581f26a1fed5,5,H0RR0R CREATURE,2,1364,12579,0,1113.11
913a8e0f-92ea-448c-82dd-fc3534234e28,0,11110,1,1289,8751,2,540.86
913a8e0f-92ea-448c-82dd-fc3534234e28,1,Gumball4813,0,184,8751,0,1275.67
913a8e0f-92ea-448c-82dd-fc3534234e28,2,jellu,0,1366,8751,2,935.90
913a8e0f-92ea-448c-82dd-fc3534234e28,3,Shame_on_you27,1,3432,8751,2,1190.53
913a8e0f-92ea-448c-82dd-fc3534234e28,4,meguinhojonas,0,1504,8751,0,1011.76
913a8e0f-92ea-448c-82dd-fc3534234e28,5,rRynox,2,976,8751,2,798.99
ee792a4c-3f54-4009-ab73-372389825cd1,0,abdozza,0,1707,10172,2,1179.97
ee792a4c-3f54-4009-ab73-372389825cd1,1,abdozza(1),0,1152,10172,0,1278.07
ee792a4c-3f54-4009-ab73-372389825cd1,2,im pook,1,2193,10172,0,1324.47
ee792a4c-3f54-4009-ab73-372389825cd1,3,Noob_Pascu,3,2709,10172,0,1430.48
ee792a4c-3f54-4009-ab73-372389825cd1,4,RocketDings,2,1447,10172,0,1199.50
ee792a4c-3f54-4009-ab73-372389825cd1,5,tenzbtw,0,964,10172,0,1209.84
62c14b50-3b53-44da-838a-99b0133cfda9,0,Buddys-Bestie,0,920,8728,0,1139.98
62c14b50-3b53-44da-838a-99b0133cfda9,1,javiput10,0,1679,8728,0,1127.58
62c14b50-3b53-44da-838a-99b0133cfda9,2,neidvoll_Hering,3,1680,8728,0,1308.00
62c14b50-3b53-44da-838a-99b0133cfda9,3,GraetzMarkus,0,639,8728,0,1329.75
62c14b50-3b53-44da-838a-99b0133cfda9,4,slushiizz,1,2192,8728,0,1201.70
62c14b50-3b53-44da-838a-99b0133cfda9,5,yunomilesthebest,0,1618,8728,2,1292.34
99064eee-0c9f-4004-bd3c-e47ce69dba43,0,Sweetteaman386,0,827,3807,2,1004.96
99064eee-0c9f-4004-bd3c-e47ce69dba43,1,marcy,0,1057,3807,0,1115.98
99064eee-0c9f-4004-bd3c-e47ce69dba43,2,mavs1208,0,598,3807,0,1095.03
99064eee-0c9f-4004-bd3c-e47ce69dba43,3,AyePapiPlzzz,0,520,3807,0,1232.31
99064eee-0c9f-4004-bd3c-e47ce69dba43,4,Yespapiplz,2,805,3807,0,1380.45
99064eee-0c9f-4004-bd3c-e47ce69dba43,5,YezSenorPapi,0,0,3807,0,0.00
9cb9fe26-27ba-4336-a082-ebdf1ceb7fb8,0,PsychoPrayer,1,1269,5636,0,1060.64
9cb9fe26-27ba-4336-a082-ebdf1ceb7fb8,1,PsychoPrayer(2),0,792,5636,6,955.66
9cb9fe26-27ba-4336-a082-ebdf1ceb7fb8,2,zoompuod,0,662,5636,2,1097.89
9cb9fe26-27ba-4336-a082-ebdf1ceb7fb8,3,GargoyleRider,1,1070,5636,0,1426.49
9cb9fe26-27ba-4336-a082-ebdf1ceb7fb8,4,HealableColt804,1,783,5636,0,1203.07
9cb9fe26-27ba-4336-a082-ebdf1ceb7fb8,5,JohnnyThunder_,2,1060,5636,0,1321.78
4ed6ccf6-2a96-4596-8f1c-c8a54ed659c9,0,Naismith,1,2730,11406,0,1389.51
4ed6ccf6-2a96-4596-8f1c-c8a54ed659c9,1,YAZAN12345678a,1,2773,11406,0,1229.51
4ed6ccf6-2a96-4596-8f1c-c8a54ed659c9,2,mcan3838,0,1918,11406,1,1126.12
4ed6ccf6-2a96-4596-8f1c-c8a54ed659c9,3,Elbranbo,2,1737,11406,0,1115.44
4ed6ccf6-2a96-4596-8f1c-c8a54ed659c9,4,HelloPapiOoO,4,2145,11406,2,1279.92
4ed6ccf6-2a96-4596-8f1c-c8a54ed659c9,5,I-Verno-I,0,103,11406,1,1660.01
27635dc4-bd8f-444f-97b9-a67f63267db1,0,Javi,0,799,10061,5,1083.14
27635dc4-bd8f-444f-97b9-a67f63267db1,1,Papi,0,1100,10061,11,1030.48
27635dc4-bd8f-444f-97b9-a67f63267db1,2,Stevencito69,0,1255,10061,3,1179.65
27635dc4-bd8f-444f-97b9-a67f63267db1,3,ChaoticPaladin_,1,2267,10061,2,1334.92
27635dc4-bd8f-444f-97b9-a67f63267db1,4,Use All Guns,4,2448,10061,0,1236.89
27635dc4-bd8f-444f-97b9-a67f63267db1,5,Yo Its Baffo,1,2192,10061,2,1080.49
